player_id,player_name,espn_id,image_url
38017733,A.J. Green,4397475,https://a.espncdn.com/combiner/i?img=/i/headshots/nba/players/full/4397475.png&w=350&h=254
177,Aaron Gordon,3064290,https://a.espncdn.com/combiner/i?img=/i/headshots/nba/players/full/3064290.png&w=350&h=254
213,Aaron Holiday,3922230,https://a.espncdn.com/combiner/i?img=/i/headshots/nba/players/full/3922230.png&w=350&h=254
3547250,Aaron Nesmith,4396909,https://a.espncdn.com/combiner/i?img=/i/headshots/nba/players/full/4396909.png&w=350&h=254
17896078,Aaron Wiggins,4397183,https://a.espncdn.com/combiner/i?img=/i/headshots/nba/players/full/4397183.png&w=350&h=254
436846673,Adam Flagler,4397654,https://a.espncdn.com/combiner/i?img=/i/headshots/nba/players/full/4397654.png&w=350&h=254
1091351965,Aday Mara,5174983,https://a.espncdn.com/combiner/i?img=/i/headshots/nba/players/full/5174983.png&w=350&h=254
1028034846,Adem Bona,5105637,https://a.espncdn.com/combiner/i?img=/i/headshots/nba/players/full/5105637.png&w=350&h=254
1057386376,Adou Thiero,5060631,https://a.espncdn.com/combiner/i?img=/i/headshots/nba/players/full/5060631.png&w=350&h=254
1057260888,Airious Bailey,4873138,https://a.espncdn.com/combiner/i?img=/i/headshots/nba/players/full/4873138.png&w=350&h=254
1091340077,AJ Dybantsa,5142718,https://a.espncdn.com/combiner/i?img=/i/headshots/nba/players/full/5142718.png&w=350&h=254
1028026717,AJ Johnson,5170947,https://a.espncdn.com/combiner/i?img=/i/headshots/nba/players/full/5170947.png&w=350&h=254
17554004,AJ Lawson,4067017,https://a.espncdn.com/combiner/i?img=/i/headshots/nba/players/full/4067017.png&w=350&h=254
1028037477,Ajay Mitchell,4900671,https://a.espncdn.com/combiner/i?img=/i/headshots/nba/players/full/4900671.png&w=350&h=254
1091906694,AK Okereke,5114350,https://a.espncdn.com/combiner/i?img=/i/headshots/nba/players/full/5114350.png&w=350&h=254
219,Al Horford,3213,https://a.espncdn.com/combiner/i?img=/i/headshots/nba/players/full/3213.png&w=350&h=254
1060010671,Alex Antetokounmpo,4432452,https://a.espncdn.com/combiner/i?img=/i/headshots/nba/players/full/4432452.png&w=350&h=254
89,Alex Caruso,2991350,https://a.espncdn.com/combiner/i?img=/i/headshots/nba/players/full/2991350.png&w=350&h=254
1091361855,Alex Karaban,4917149,https://a.espncdn.com/combiner/i?img=/i/headshots/nba/players/full/4917149.png&w=350&h=254
1028271147,Alex Morales,4593034,https://a.espncdn.com/combiner/i?img=/i/headshots/nba/players/full/4593034.png&w=350&h=254
1028028405,Alexandre Sarr,5160992,https://a.espncdn.com/combiner/i?img=/i/headshots/nba/players/full/5160992.png&w=350&h=254
1057389862,Alijah Martin,4702656,https://a.espncdn.com/combiner/i?img=/i/headshots/nba/players/full/4702656.png&w=350&h=254
1091350801,Allen Graves,5149115,https://a.espncdn.com/combiner/i?img=/i/headshots/nba/players/full/5149115.png&w=350&h=254
17896062,Alperen Sengun,4871144,https://a.espncdn.com/combiner/i?img=/i/headshots/nba/players/full/4871144.png&w=350&h=254
1092288834,Alpha Diallo,4065813,https://a.espncdn.com/combiner/i?img=/i/headshots/nba/players/full/4065813.png&w=350&h=254
1057396966,Amari Williams,4702745,https://a.espncdn.com/combiner/i?img=/i/headshots/nba/players/full/4702745.png&w=350&h=254
56677825,Amen Thompson,4684740,https://a.espncdn.com/combiner/i?img=/i/headshots/nba/players/full/4684740.png&w=350&h=254
666511,Amir Coffey,4066387,https://a.espncdn.com/combiner/i?img=/i/headshots/nba/players/full/4066387.png&w=350&h=254
137,Andre Drummond,6585,https://a.espncdn.com/combiner/i?img=/i/headshots/nba/players/full/6585.png&w=350&h=254
56677852,Andre Jackson Jr.,4432190,https://a.espncdn.com/combiner/i?img=/i/headshots/nba/players/full/4432190.png&w=350&h=254
38017507,Andrew Nembhard,4395712,https://a.espncdn.com/combiner/i?img=/i/headshots/nba/players/full/4395712.png&w=350&h=254
475,Andrew Wiggins,3059319,https://a.espncdn.com/combiner/i?img=/i/headshots/nba/players/full/3059319.png&w=350&h=254
419,Anfernee Simons,4351851,https://a.espncdn.com/combiner/i?img=/i/headshots/nba/players/full/4351851.png&w=350&h=254
56677827,Anthony Black,4712849,https://a.espncdn.com/combiner/i?img=/i/headshots/nba/players/full/4712849.png&w=350&h=254
117,Anthony Davis,6583,https://a.espncdn.com/combiner/i?img=/i/headshots/nba/players/full/6583.png&w=350&h=254
3547238,Anthony Edwards,4594268,https://a.espncdn.com/combiner/i?img=/i/headshots/nba/players/full/4594268.png&w=350&h=254
3547302,Anthony Gill,2581184,https://a.espncdn.com/combiner/i?img=/i/headshots/nba/players/full/2581184.png&w=350&h=254
1028038100,Antonio Reeves,4592686,https://a.espncdn.com/combiner/i?img=/i/headshots/nba/players/full/4592686.png&w=350&h=254
1028046422,Ariel Hukporti,4871141,https://a.espncdn.com/combiner/i?img=/i/headshots/nba/players/full/4871141.png&w=350&h=254
1057279093,Asa Newell,4873201,https://a.espncdn.com/combiner/i?img=/i/headshots/nba/players/full/4873201.png&w=350&h=254
56677826,Ausar Thompson,4684742,https://a.espncdn.com/combiner/i?img=/i/headshots/nba/players/full/4684742.png&w=350&h=254
17553995,Austin Reaves,4066457,https://a.espncdn.com/combiner/i?img=/i/headshots/nba/players/full/4066457.png&w=350&h=254
17895983,Ayo Dosunmu,4397002,https://a.espncdn.com/combiner/i?img=/i/headshots/nba/players/full/4397002.png&w=350&h=254
1091465658,Baba Miller,5075626,https://a.espncdn.com/combiner/i?img=/i/headshots/nba/players/full/5075626.png&w=350&h=254
4,Bam Adebayo,4066261,https://a.espncdn.com/combiner/i?img=/i/headshots/nba/players/full/4066261.png&w=350&h=254
1028028434,Baylor Scheierman,4593841,https://a.espncdn.com/combiner/i?img=/i/headshots/nba/players/full/4593841.png&w=350&h=254
1057279760,Ben Saraf,5242502,https://a.espncdn.com/combiner/i?img=/i/headshots/nba/players/full/5242502.png&w=350&h=254
56677861,Ben Sheppard,4433076,https://a.espncdn.com/combiner/i?img=/i/headshots/nba/players/full/4433076.png&w=350&h=254
38017686,Bennedict Mathurin,4683634,https://a.espncdn.com/combiner/i?img=/i/headshots/nba/players/full/4683634.png&w=350&h=254
1091353486,Bennett Stirtz,5241364,https://a.espncdn.com/combiner/i?img=/i/headshots/nba/players/full/5241364.png&w=350&h=254
1059992972,Bez Mbeng,4898237,https://a.espncdn.com/combiner/i?img=/i/headshots/nba/players/full/4898237.png&w=350&h=254
56677844,Bilal Coulibaly,5104155,https://a.espncdn.com/combiner/i?img=/i/headshots/nba/players/full/5104155.png&w=350&h=254
48,Bismack Biyombo,6427,https://a.espncdn.com/combiner/i?img=/i/headshots/nba/players/full/6427.png&w=350&h=254
1028214958,Blake Hinson,4396963,https://a.espncdn.com/combiner/i?img=/i/headshots/nba/players/full/4396963.png&w=350&h=254
38017693,Blake Wesley,4683935,https://a.espncdn.com/combiner/i?img=/i/headshots/nba/players/full/4683935.png&w=350&h=254
377,Bobby Portis,3064482,https://a.espncdn.com/combiner/i?img=/i/headshots/nba/players/full/3064482.png&w=350&h=254
53,Bogdan Bogdanovic,3037789,https://a.espncdn.com/combiner/i?img=/i/headshots/nba/players/full/3037789.png&w=350&h=254
1057394921,Bogoljub Marković,5214989,https://a.espncdn.com/combiner/i?img=/i/headshots/nba/players/full/5214989.png&w=350&h=254
1091466792,Braden Smith,5105854,https://a.espncdn.com/combiner/i?img=/i/headshots/nba/players/full/5105854.png&w=350&h=254
37,Bradley Beal,6580,https://a.espncdn.com/combiner/i?img=/i/headshots/nba/players/full/6580.png&w=350&h=254
1028218679,Branden Carlson,4592435,https://a.espncdn.com/combiner/i?img=/i/headshots/nba/players/full/4592435.png&w=350&h=254
56677858,Brandin Podziemski,4709138,https://a.espncdn.com/combiner/i?img=/i/headshots/nba/players/full/4709138.png&w=350&h=254
227,Brandon Ingram,3913176,https://a.espncdn.com/combiner/i?img=/i/headshots/nba/players/full/3913176.png&w=350&h=254
56677823,Brandon Miller,4433287,https://a.espncdn.com/combiner/i?img=/i/headshots/nba/players/full/4433287.png&w=350&h=254
24489167,Brandon Williams,4397040,https://a.espncdn.com/combiner/i?img=/i/headshots/nba/players/full/4397040.png&w=350&h=254
1091349754,Brayden Burries,5082206,https://a.espncdn.com/combiner/i?img=/i/headshots/nba/players/full/5082206.png&w=350&h=254
56677842,Brice Sensabaugh,5105839,https://a.espncdn.com/combiner/i?img=/i/headshots/nba/players/full/5105839.png&w=350&h=254
1028046517,Bronny James,4683774,https://a.espncdn.com/combiner/i?img=/i/headshots/nba/players/full/4683774.png&w=350&h=254
283,Brook Lopez,3448,https://a.espncdn.com/combiner/i?img=/i/headshots/nba/players/full/3448.png&w=350&h=254
1057392335,Brooks Barnhizer,4684208,https://a.espncdn.com/combiner/i?img=/i/headshots/nba/players/full/4684208.png&w=350&h=254
69,Bruce Brown,4065670,https://a.espncdn.com/combiner/i?img=/i/headshots/nba/players/full/4065670.png&w=350&h=254
1091467104,Bruce Thornton,5105837,https://a.espncdn.com/combiner/i?img=/i/headshots/nba/players/full/5105837.png&w=350&h=254
1091464608,Bryce Hopkins,4565698,https://a.espncdn.com/combiner/i?img=/i/headshots/nba/players/full/4565698.png&w=350&h=254
38017708,Bryce McGowens,4576086,https://a.espncdn.com/combiner/i?img=/i/headshots/nba/players/full/4576086.png&w=350&h=254
210,Buddy Hield,2990984,https://a.espncdn.com/combiner/i?img=/i/headshots/nba/players/full/2990984.png&w=350&h=254
17896075,Cade Cunningham,4432166,https://a.espncdn.com/combiner/i?img=/i/headshots/nba/players/full/4432166.png&w=350&h=254
1057847330,Caleb Love,4433144,https://a.espncdn.com/combiner/i?img=/i/headshots/nba/players/full/4433144.png&w=350&h=254
666747,Caleb Martin,3138160,https://a.espncdn.com/combiner/i?img=/i/headshots/nba/players/full/3138160.png&w=350&h=254
1091343852,Caleb Wilson,5095151,https://a.espncdn.com/combiner/i?img=/i/headshots/nba/players/full/5095151.png&w=350&h=254
1028035215,Cam Christie,4845363,https://a.espncdn.com/combiner/i?img=/i/headshots/nba/players/full/4845363.png&w=350&h=254
1028048549,Cam Spencer,4433083,https://a.espncdn.com/combiner/i?img=/i/headshots/nba/players/full/4433083.png&w=350&h=254
56677831,Cam Whitmore,5105592,https://a.espncdn.com/combiner/i?img=/i/headshots/nba/players/full/5105592.png&w=350&h=254
1091339280,Cameron Boozer,5041935,https://a.espncdn.com/combiner/i?img=/i/headshots/nba/players/full/5041935.png&w=350&h=254
1091349831,Cameron Carr,5113969,https://a.espncdn.com/combiner/i?img=/i/headshots/nba/players/full/5113969.png&w=350&h=254
666679,Cameron Johnson,3138196,https://a.espncdn.com/combiner/i?img=/i/headshots/nba/players/full/3138196.png&w=350&h=254
277,Caris LeVert,2991043,https://a.espncdn.com/combiner/i?img=/i/headshots/nba/players/full/2991043.png&w=350&h=254
1028025235,Carlton Carrington,4845374,https://a.espncdn.com/combiner/i?img=/i/headshots/nba/players/full/4845374.png&w=350&h=254
1057271360,Carter Bryant,5061568,https://a.espncdn.com/combiner/i?img=/i/headshots/nba/players/full/5061568.png&w=350&h=254
56677833,Cason Wallace,4683692,https://a.espncdn.com/combiner/i?img=/i/headshots/nba/players/full/4683692.png&w=350&h=254
1057266649,Cedric Coward,4903027,https://a.espncdn.com/combiner/i?img=/i/headshots/nba/players/full/4903027.png&w=350&h=254
1057846840,Chaney Johnson,5174655,https://a.espncdn.com/combiner/i?img=/i/headshots/nba/players/full/5174655.png&w=350&h=254
17895854,Charles Bassey,4397886,https://a.espncdn.com/combiner/i?img=/i/headshots/nba/players/full/4397886.png&w=350&h=254
1057389625,Chaz Lanier,4700852,https://a.espncdn.com/combiner/i?img=/i/headshots/nba/players/full/4700852.png&w=350&h=254
38017685,Chet Holmgren,4433255,https://a.espncdn.com/combiner/i?img=/i/headshots/nba/players/full/4433255.png&w=350&h=254
1091360181,Chris Cenac Jr.,5142621,https://a.espncdn.com/combiner/i?img=/i/headshots/nba/players/full/5142621.png&w=350&h=254
1057847504,Chris Mañon,4702972,https://a.espncdn.com/combiner/i?img=/i/headshots/nba/players/full/4702972.png&w=350&h=254
1057849685,Chris Youngblood,4706557,https://a.espncdn.com/combiner/i?img=/i/headshots/nba/players/full/4706557.png&w=350&h=254
1091349204,Christian Anderson,5060701,https://a.espncdn.com/combiner/i?img=/i/headshots/nba/players/full/5060701.png&w=350&h=254
38017709,Christian Braun,4431767,https://a.espncdn.com/combiner/i?img=/i/headshots/nba/players/full/4431767.png&w=350&h=254
38017710,Christian Koloko,4431778,https://a.espncdn.com/combiner/i?img=/i/headshots/nba/players/full/4431778.png&w=350&h=254
1057846535,Chucky Hepburn,4590360,https://a.espncdn.com/combiner/i?img=/i/headshots/nba/players/full/4590360.png&w=350&h=254
1057846700,CJ Huntley,4702602,https://a.espncdn.com/combiner/i?img=/i/headshots/nba/players/full/4702602.png&w=350&h=254
303,CJ McCollum,2490149,https://a.espncdn.com/combiner/i?img=/i/headshots/nba/players/full/2490149.png&w=350&h=254
83,Clint Capela,3102529,https://a.espncdn.com/combiner/i?img=/i/headshots/nba/players/full/3102529.png&w=350&h=254
666956,Coby White,4395651,https://a.espncdn.com/combiner/i?img=/i/headshots/nba/players/full/4395651.png&w=350&h=254
1028029291,Cody Williams,4895758,https://a.espncdn.com/combiner/i?img=/i/headshots/nba/players/full/4895758.png&w=350&h=254
56677738,Colin Castleton,4397204,https://a.espncdn.com/combiner/i?img=/i/headshots/nba/players/full/4397204.png&w=350&h=254
38017727,Collin Gillespie,4278585,https://a.espncdn.com/combiner/i?img=/i/headshots/nba/players/full/4278585.png&w=350&h=254
1057268940,Collin Murray-Boyles,5093267,https://a.espncdn.com/combiner/i?img=/i/headshots/nba/players/full/5093267.png&w=350&h=254
413,Collin Sexton,4277811,https://a.espncdn.com/combiner/i?img=/i/headshots/nba/players/full/4277811.png&w=350&h=254
1057262088,Cooper Flagg,5041939,https://a.espncdn.com/combiner/i?img=/i/headshots/nba/players/full/5041939.png&w=350&h=254
17896045,Corey Kispert,4280151,https://a.espncdn.com/combiner/i?img=/i/headshots/nba/players/full/4280151.png&w=350&h=254
1028266882,Cormac Ryan,4397114,https://a.espncdn.com/combiner/i?img=/i/headshots/nba/players/full/4397114.png&w=350&h=254
56677872,Craig Porter,4701233,https://a.espncdn.com/combiner/i?img=/i/headshots/nba/players/full/4701233.png&w=350&h=254
1057846921,Curtis Jones,4898369,https://a.espncdn.com/combiner/i?img=/i/headshots/nba/players/full/4898369.png&w=350&h=254
405,D'Angelo Russell,3136776,https://a.espncdn.com/combiner/i?img=/i/headshots/nba/players/full/3136776.png&w=350&h=254
1028246478,Daeqwon Plowden,4279318,https://a.espncdn.com/combiner/i?img=/i/headshots/nba/players/full/4279318.png&w=350&h=254
1091353537,Dailyn Swain,4848625,https://a.espncdn.com/combiner/i?img=/i/headshots/nba/players/full/4848625.png&w=350&h=254
38017719,Dalen Terry,4433159,https://a.espncdn.com/combiner/i?img=/i/headshots/nba/players/full/4433159.png&w=350&h=254
1028026974,Dalton Knecht,4897943,https://a.espncdn.com/combiner/i?img=/i/headshots/nba/players/full/4897943.png&w=350&h=254
666577,Daniel Gafford,4278049,https://a.espncdn.com/combiner/i?img=/i/headshots/nba/players/full/4278049.png&w=350&h=254
1028240128,Daniss Jenkins,5107199,https://a.espncdn.com/combiner/i?img=/i/headshots/nba/players/full/5107199.png&w=350&h=254
1057280779,Danny Wolf,5107173,https://a.espncdn.com/combiner/i?img=/i/headshots/nba/players/full/5107173.png&w=350&h=254
1091338860,Darius Acuff Jr.,5142620,https://a.espncdn.com/combiner/i?img=/i/headshots/nba/players/full/5142620.png&w=350&h=254
666581,Darius Garland,4396907,https://a.espncdn.com/combiner/i?img=/i/headshots/nba/players/full/4396907.png&w=350&h=254
1028026514,DaRon Holmes II,4433607,https://a.espncdn.com/combiner/i?img=/i/headshots/nba/players/full/4433607.png&w=350&h=254
1091342427,Darryn Peterson,5041955,https://a.espncdn.com/combiner/i?img=/i/headshots/nba/players/full/5041955.png&w=350&h=254
38017729,David Roddy,4593041,https://a.espncdn.com/combiner/i?img=/i/headshots/nba/players/full/4593041.png&w=350&h=254
17553994,Davion Mitchell,4278053,https://a.espncdn.com/combiner/i?img=/i/headshots/nba/players/full/4278053.png&w=350&h=254
17896038,Day'Ron Sharpe,4432194,https://a.espncdn.com/combiner/i?img=/i/headshots/nba/players/full/4432194.png&w=350&h=254
161,De'Aaron Fox,4066259,https://a.espncdn.com/combiner/i?img=/i/headshots/nba/players/full/4066259.png&w=350&h=254
666656,De'Andre Hunter,4065732,https://a.espncdn.com/combiner/i?img=/i/headshots/nba/players/full/4065732.png&w=350&h=254
313,De'Anthony Melton,4066436,https://a.espncdn.com/combiner/i?img=/i/headshots/nba/players/full/4066436.png&w=350&h=254
666940,Dean Wade,3912848,https://a.espncdn.com/combiner/i?img=/i/headshots/nba/players/full/3912848.png&w=350&h=254
22,Deandre Ayton,4278129,https://a.espncdn.com/combiner/i?img=/i/headshots/nba/players/full/4278129.png&w=350&h=254
250,DeAndre Jordan,3442,https://a.espncdn.com/combiner/i?img=/i/headshots/nba/players/full/3442.png&w=350&h=254
334,Dejounte Murray,3907497,https://a.espncdn.com/combiner/i?img=/i/headshots/nba/players/full/3907497.png&w=350&h=254
3547242,Deni Avdija,4683021,https://a.espncdn.com/combiner/i?img=/i/headshots/nba/players/full/4683021.png&w=350&h=254
409,Dennis Schroder,3032979,https://a.espncdn.com/combiner/i?img=/i/headshots/nba/players/full/3032979.png&w=350&h=254
56677840,Dereck Lively II,4683688,https://a.espncdn.com/combiner/i?img=/i/headshots/nba/players/full/4683688.png&w=350&h=254
1057274415,Derik Queen,4869780,https://a.espncdn.com/combiner/i?img=/i/headshots/nba/players/full/4869780.png&w=350&h=254
247,Derrick Jones Jr.,3936099,https://a.espncdn.com/combiner/i?img=/i/headshots/nba/players/full/3936099.png&w=350&h=254
473,Derrick White,3078576,https://a.espncdn.com/combiner/i?img=/i/headshots/nba/players/full/3078576.png&w=350&h=254
3547287,Desmond Bane,4066320,https://a.espncdn.com/combiner/i?img=/i/headshots/nba/players/full/4066320.png&w=350&h=254
57,Devin Booker,3136193,https://a.espncdn.com/combiner/i?img=/i/headshots/nba/players/full/3136193.png&w=350&h=254
1028025242,Devin Carter,4433188,https://a.espncdn.com/combiner/i?img=/i/headshots/nba/players/full/4433188.png&w=350&h=254
3547246,Devin Vassell,4395630,https://a.espncdn.com/combiner/i?img=/i/headshots/nba/players/full/4395630.png&w=350&h=254
66,Dillon Brooks,3155526,https://a.espncdn.com/combiner/i?img=/i/headshots/nba/players/full/3155526.png&w=350&h=254
1028026812,Dillon Jones,4702159,https://a.espncdn.com/combiner/i?img=/i/headshots/nba/players/full/4702159.png&w=350&h=254
1091465698,Dillon Mitchell,5106283,https://a.espncdn.com/combiner/i?img=/i/headshots/nba/players/full/5106283.png&w=350&h=254
406,Domantas Sabonis,3155942,https://a.espncdn.com/combiner/i?img=/i/headshots/nba/players/full/3155942.png&w=350&h=254
38017730,Dominick Barlow,4870562,https://a.espncdn.com/combiner/i?img=/i/headshots/nba/players/full/4870562.png&w=350&h=254
1028025344,Donovan Clingan,5105565,https://a.espncdn.com/combiner/i?img=/i/headshots/nba/players/full/5105565.png&w=350&h=254
322,Donovan Mitchell,3908809,https://a.espncdn.com/combiner/i?img=/i/headshots/nba/players/full/3908809.png&w=350&h=254
131,Donte DiVincenzo,3934673,https://a.espncdn.com/combiner/i?img=/i/headshots/nba/players/full/3934673.png&w=350&h=254
158,Dorian Finney-Smith,2578185,https://a.espncdn.com/combiner/i?img=/i/headshots/nba/players/full/2578185.png&w=350&h=254
305,Doug McDermott,2528588,https://a.espncdn.com/combiner/i?img=/i/headshots/nba/players/full/2528588.png&w=350&h=254
1057279425,Drake Powell,5037873,https://a.espncdn.com/combiner/i?img=/i/headshots/nba/players/full/5037873.png&w=350&h=254
185,Draymond Green,6589,https://a.espncdn.com/combiner/i?img=/i/headshots/nba/players/full/6589.png&w=350&h=254
147,Drew Eubanks,3914285,https://a.espncdn.com/combiner/i?img=/i/headshots/nba/players/full/3914285.png&w=350&h=254
19465585,Dru Smith,4066993,https://a.espncdn.com/combiner/i?img=/i/headshots/nba/players/full/4066993.png&w=350&h=254
1092197212,Duke Miles,4702049,https://a.espncdn.com/combiner/i?img=/i/headshots/nba/players/full/4702049.png&w=350&h=254
397,Duncan Robinson,3157465,https://a.espncdn.com/combiner/i?img=/i/headshots/nba/players/full/3157465.png&w=350&h=254
379,Dwight Powell,2531367,https://a.espncdn.com/combiner/i?img=/i/headshots/nba/players/full/2531367.png&w=350&h=254
1057845274,Dylan Cardwell,4433174,https://a.espncdn.com/combiner/i?img=/i/headshots/nba/players/full/4433174.png&w=350&h=254
1057262518,Dylan Harper,5037871,https://a.espncdn.com/combiner/i?img=/i/headshots/nba/players/full/5037871.png&w=350&h=254
38017677,Dyson Daniels,4869342,https://a.espncdn.com/combiner/i?img=/i/headshots/nba/players/full/4869342.png&w=350&h=254
38017663,E.J. Liddell,4432821,https://a.espncdn.com/combiner/i?img=/i/headshots/nba/players/full/4432821.png&w=350&h=254
1091352549,Ebuka Okorie,5258459,https://a.espncdn.com/combiner/i?img=/i/headshots/nba/players/full/5258459.png&w=350&h=254
1057266813,Egor Demin,5175643,https://a.espncdn.com/combiner/i?img=/i/headshots/nba/players/full/5175643.png&w=350&h=254
1028264794,Elijah Harkless,4397449,https://a.espncdn.com/combiner/i?img=/i/headshots/nba/players/full/4397449.png&w=350&h=254
1091466685,Emanuel Sharp,5106058,https://a.espncdn.com/combiner/i?img=/i/headshots/nba/players/full/5106058.png&w=350&h=254
1028045812,Enrique Freeman,4592699,https://a.espncdn.com/combiner/i?img=/i/headshots/nba/players/full/4592699.png&w=350&h=254
1091907917,"Ernest Udeh, Jr.",5106261,https://a.espncdn.com/combiner/i?img=/i/headshots/nba/players/full/5106261.png&w=350&h=254
17896117,Ethan Thompson,4278516,https://a.espncdn.com/combiner/i?img=/i/headshots/nba/players/full/4278516.png&w=350&h=254
17896076,Evan Mobley,4432158,https://a.espncdn.com/combiner/i?img=/i/headshots/nba/players/full/4432158.png&w=350&h=254
1091465991,Felix Okpara,5105841,https://a.espncdn.com/combiner/i?img=/i/headshots/nba/players/full/5105841.png&w=350&h=254
17896026,Franz Wagner,4566434,https://a.espncdn.com/combiner/i?img=/i/headshots/nba/players/full/4566434.png&w=350&h=254
1603383,Gabe Vincent,3137259,https://a.espncdn.com/combiner/i?img=/i/headshots/nba/players/full/3137259.png&w=350&h=254
196,Gary Harris,2999547,https://a.espncdn.com/combiner/i?img=/i/headshots/nba/players/full/2999547.png&w=350&h=254
2189,Gary Payton II,3134903,https://a.espncdn.com/combiner/i?img=/i/headshots/nba/players/full/3134903.png&w=350&h=254
3089,Gary Trent Jr.,4277843,https://a.espncdn.com/combiner/i?img=/i/headshots/nba/players/full/4277843.png&w=350&h=254
56677830,GG Jackson,5105550,https://a.espncdn.com/combiner/i?img=/i/headshots/nba/players/full/5105550.png&w=350&h=254
15,Giannis Antetokounmpo,3032977,https://a.espncdn.com/combiner/i?img=/i/headshots/nba/players/full/3032977.png&w=350&h=254
666442,Goga Bitadze,4348700,https://a.espncdn.com/combiner/i?img=/i/headshots/nba/players/full/4348700.png&w=350&h=254
56677828,Gradey Dick,5106258,https://a.espncdn.com/combiner/i?img=/i/headshots/nba/players/full/5106258.png&w=350&h=254
666965,Grant Williams,4066218,https://a.espncdn.com/combiner/i?img=/i/headshots/nba/players/full/4066218.png&w=350&h=254
8,Grayson Allen,3135045,https://a.espncdn.com/combiner/i?img=/i/headshots/nba/players/full/3135045.png&w=350&h=254
57875092,Gui Santos,4997536,https://a.espncdn.com/combiner/i?img=/i/headshots/nba/players/full/4997536.png&w=350&h=254
1091353463,Hannes Steinbach,5281370,https://a.espncdn.com/combiner/i?img=/i/headshots/nba/players/full/5281370.png&w=350&h=254
1057275769,Hansen Yang,5217746,https://a.espncdn.com/combiner/i?img=/i/headshots/nba/players/full/5217746.png&w=350&h=254
30,Harrison Barnes,6578,https://a.espncdn.com/combiner/i?img=/i/headshots/nba/players/full/6578.png&w=350&h=254
1028046464,Harrison Ingram,4433618,https://a.espncdn.com/combiner/i?img=/i/headshots/nba/players/full/4433618.png&w=350&h=254
1081266162,Hayden Gray,5176420,https://a.espncdn.com/combiner/i?img=/i/headshots/nba/players/full/5176420.png&w=350&h=254
3092,Haywood Highsmith,4291678,https://a.espncdn.com/combiner/i?img=/i/headshots/nba/players/full/4291678.png&w=350&h=254
1091477603,Henri Veesaar,5105571,https://a.espncdn.com/combiner/i?img=/i/headshots/nba/players/full/5105571.png&w=350&h=254
17896024,Herbert Jones,4277813,https://a.espncdn.com/combiner/i?img=/i/headshots/nba/players/full/4277813.png&w=350&h=254
1057277425,Hugo González,5175647,https://a.espncdn.com/combiner/i?img=/i/headshots/nba/players/full/5175647.png&w=350&h=254
1057845705,Hunter Dickinson,4432180,https://a.espncdn.com/combiner/i?img=/i/headshots/nba/players/full/4432180.png&w=350&h=254
3547269,Immanuel Quickley,4395724,https://a.espncdn.com/combiner/i?img=/i/headshots/nba/players/full/4395724.png&w=350&h=254
1028205331,Isaac Jones,5107818,https://a.espncdn.com/combiner/i?img=/i/headshots/nba/players/full/5107818.png&w=350&h=254
3547247,Isaac Okoro,4432822,https://a.espncdn.com/combiner/i?img=/i/headshots/nba/players/full/4432822.png&w=350&h=254
1028025362,Isaiah Collier,4683766,https://a.espncdn.com/combiner/i?img=/i/headshots/nba/players/full/4683766.png&w=350&h=254
1028203948,Isaiah Crawford,4592857,https://a.espncdn.com/combiner/i?img=/i/headshots/nba/players/full/4592857.png&w=350&h=254
1091463885,Isaiah Evans,5061585,https://a.espncdn.com/combiner/i?img=/i/headshots/nba/players/full/5061585.png&w=350&h=254
201,Isaiah Hartenstein,4222252,https://a.espncdn.com/combiner/i?img=/i/headshots/nba/players/full/4222252.png&w=350&h=254
17896035,Isaiah Jackson,4432170,https://a.espncdn.com/combiner/i?img=/i/headshots/nba/players/full/4432170.png&w=350&h=254
3547272,Isaiah Joe,4395702,https://a.espncdn.com/combiner/i?img=/i/headshots/nba/players/full/4395702.png&w=350&h=254
17896071,Isaiah Livers,4277957,https://a.espncdn.com/combiner/i?img=/i/headshots/nba/players/full/4277957.png&w=350&h=254
1028242168,Isaiah Stevens,4432117,https://a.espncdn.com/combiner/i?img=/i/headshots/nba/players/full/4432117.png&w=350&h=254
3547267,Isaiah Stewart,4432810,https://a.espncdn.com/combiner/i?img=/i/headshots/nba/players/full/4432810.png&w=350&h=254
493,Ivica Zubac,4017837,https://a.espncdn.com/combiner/i?img=/i/headshots/nba/players/full/4017837.png&w=350&h=254
1091465870,Izaiyah Nelson,5107251,https://a.espncdn.com/combiner/i?img=/i/headshots/nba/players/full/5107251.png&w=350&h=254
666786,Ja Morant,4279888,https://a.espncdn.com/combiner/i?img=/i/headshots/nba/players/full/4279888.png&w=350&h=254
1028029111,Ja'Kobe Walter,4684272,https://a.espncdn.com/combiner/i?img=/i/headshots/nba/players/full/4684272.png&w=350&h=254
1091464155,Ja'Kobi Gillespie,5107968,https://a.espncdn.com/combiner/i?img=/i/headshots/nba/players/full/5107968.png&w=350&h=254
38017684,Jabari Smith Jr.,4432639,https://a.espncdn.com/combiner/i?img=/i/headshots/nba/players/full/4432639.png&w=350&h=254
38017711,Jabari Walker,4432446,https://a.espncdn.com/combiner/i?img=/i/headshots/nba/players/full/4432446.png&w=350&h=254
1091464994,Jack Kayil,5234862,https://a.espncdn.com/combiner/i?img=/i/headshots/nba/players/full/5234862.png&w=350&h=254
1091463018,Jaden Bradley,4432737,https://a.espncdn.com/combiner/i?img=/i/headshots/nba/players/full/4432737.png&w=350&h=254
38017679,Jaden Hardy,4868423,https://a.espncdn.com/combiner/i?img=/i/headshots/nba/players/full/4868423.png&w=350&h=254
3547259,Jaden McDaniels,4431671,https://a.espncdn.com/combiner/i?img=/i/headshots/nba/players/full/4431671.png&w=350&h=254
3547301,Jae'Sean Tate,3136777,https://a.espncdn.com/combiner/i?img=/i/headshots/nba/players/full/3136777.png&w=350&h=254
1057394959,Jahmai Mashack,4683934,https://a.espncdn.com/combiner/i?img=/i/headshots/nba/players/full/4683934.png&w=350&h=254
1028257937,Jahmir Young,4433133,https://a.espncdn.com/combiner/i?img=/i/headshots/nba/players/full/4433133.png&w=350&h=254
56677785,Jaime Jaquez Jr.,4432848,https://a.espncdn.com/combiner/i?img=/i/headshots/nba/players/full/4432848.png&w=350&h=254
38017728,Jake LaRavia,4592691,https://a.espncdn.com/combiner/i?img=/i/headshots/nba/players/full/4592691.png&w=350&h=254
373,Jakob Poeltl,3134908,https://a.espncdn.com/combiner/i?img=/i/headshots/nba/players/full/3134908.png&w=350&h=254
73,Jalen Brunson,3934672,https://a.espncdn.com/combiner/i?img=/i/headshots/nba/players/full/3934672.png&w=350&h=254
38017694,Jalen Duren,4433621,https://a.espncdn.com/combiner/i?img=/i/headshots/nba/players/full/4433621.png&w=350&h=254
17895966,Jalen Green,4437244,https://a.espncdn.com/combiner/i?img=/i/headshots/nba/players/full/4437244.png&w=350&h=254
17896040,Jalen Johnson,4701230,https://a.espncdn.com/combiner/i?img=/i/headshots/nba/players/full/4701230.png&w=350&h=254
56677582,Jalen Pickett,4398390,https://a.espncdn.com/combiner/i?img=/i/headshots/nba/players/full/4398390.png&w=350&h=254
56677862,Jalen Slawson,4398207,https://a.espncdn.com/combiner/i?img=/i/headshots/nba/players/full/4398207.png&w=350&h=254
3547264,Jalen Smith,4397189,https://a.espncdn.com/combiner/i?img=/i/headshots/nba/players/full/4397189.png&w=350&h=254
17896073,Jalen Suggs,4432165,https://a.espncdn.com/combiner/i?img=/i/headshots/nba/players/full/4432165.png&w=350&h=254
38017703,Jalen Williams,4593803,https://a.espncdn.com/combiner/i?img=/i/headshots/nba/players/full/4593803.png&w=350&h=254
56677722,Jalen Wilson,4431714,https://a.espncdn.com/combiner/i?img=/i/headshots/nba/players/full/4431714.png&w=350&h=254
38017734,Jamal Cain,4278572,https://a.espncdn.com/combiner/i?img=/i/headshots/nba/players/full/4278572.png&w=350&h=254
335,Jamal Murray,3936299,https://a.espncdn.com/combiner/i?img=/i/headshots/nba/players/full/3936299.png&w=350&h=254
1028038426,Jamal Shead,4432241,https://a.espncdn.com/combiner/i?img=/i/headshots/nba/players/full/4432241.png&w=350&h=254
44477062,Jamaree Bouyea,4280245,https://a.espncdn.com/combiner/i?img=/i/headshots/nba/players/full/4280245.png&w=350&h=254
192,James Harden,3992,https://a.espncdn.com/combiner/i?img=/i/headshots/nba/players/full/3992.png&w=350&h=254
1057391756,Jamir Watkins,4606840,https://a.espncdn.com/combiner/i?img=/i/headshots/nba/players/full/4606840.png&w=350&h=254
1028243201,Jamison Battle,4431893,https://a.espncdn.com/combiner/i?img=/i/headshots/nba/players/full/4431893.png&w=350&h=254
56677832,Jarace Walker,5106060,https://a.espncdn.com/combiner/i?img=/i/headshots/nba/players/full/5106060.png&w=350&h=254
1028027372,Jared McCain,4683778,https://a.espncdn.com/combiner/i?img=/i/headshots/nba/players/full/4683778.png&w=350&h=254
231,Jaren Jackson Jr.,4277961,https://a.espncdn.com/combiner/i?img=/i/headshots/nba/players/full/4277961.png&w=350&h=254
1091481720,Jaron Pierre Jr.,4703115,https://a.espncdn.com/combiner/i?img=/i/headshots/nba/players/full/4703115.png&w=350&h=254
457,Jarred Vanderbilt,4278077,https://a.espncdn.com/combiner/i?img=/i/headshots/nba/players/full/4278077.png&w=350&h=254
9,Jarrett Allen,4066328,https://a.espncdn.com/combiner/i?img=/i/headshots/nba/players/full/4066328.png&w=350&h=254
1057279571,Jase Richardson,5239561,https://a.espncdn.com/combiner/i?img=/i/headshots/nba/players/full/5239561.png&w=350&h=254
1057396260,Javon Small,4781746,https://a.espncdn.com/combiner/i?img=/i/headshots/nba/players/full/4781746.png&w=350&h=254
666604,Javonte Green,2596112,https://a.espncdn.com/combiner/i?img=/i/headshots/nba/players/full/2596112.png&w=350&h=254
666626,Jaxson Hayes,4397077,https://a.espncdn.com/combiner/i?img=/i/headshots/nba/players/full/4397077.png&w=350&h=254
17896103,Jay Huff,4065731,https://a.espncdn.com/combiner/i?img=/i/headshots/nba/players/full/4065731.png&w=350&h=254
1091352835,Jayden Quaintance,5101845,https://a.espncdn.com/combiner/i?img=/i/headshots/nba/players/full/5101845.png&w=350&h=254
70,Jaylen Brown,3917376,https://a.espncdn.com/combiner/i?img=/i/headshots/nba/players/full/3917376.png&w=350&h=254
56677851,Jaylen Clark,4432247,https://a.espncdn.com/combiner/i?img=/i/headshots/nba/players/full/4432247.png&w=350&h=254
1028039105,Jaylen Wells,5112087,https://a.espncdn.com/combiner/i?img=/i/headshots/nba/players/full/5112087.png&w=350&h=254
38017706,Jaylin Williams,4432823,https://a.espncdn.com/combiner/i?img=/i/headshots/nba/players/full/4432823.png&w=350&h=254
1028028993,Jaylon Tyson,4683747,https://a.espncdn.com/combiner/i?img=/i/headshots/nba/players/full/4683747.png&w=350&h=254
1076658911,Jayson Kent,4703889,https://a.espncdn.com/combiner/i?img=/i/headshots/nba/players/full/4703889.png&w=350&h=254
434,Jayson Tatum,4065648,https://a.espncdn.com/combiner/i?img=/i/headshots/nba/players/full/4065648.png&w=350&h=254
38017707,JD Davison,4576085,https://a.espncdn.com/combiner/i?img=/i/headshots/nba/players/full/4576085.png&w=350&h=254
188,Jeff Green,3209,https://a.espncdn.com/combiner/i?img=/i/headshots/nba/players/full/3209.png&w=350&h=254
182,Jerami Grant,2991070,https://a.espncdn.com/combiner/i?img=/i/headshots/nba/players/full/2991070.png&w=350&h=254
1057267077,Jeremiah Fears,5144091,https://a.espncdn.com/combiner/i?img=/i/headshots/nba/players/full/5144091.png&w=350&h=254
38017699,Jeremy Sochan,4610139,https://a.espncdn.com/combiner/i?img=/i/headshots/nba/players/full/4610139.png&w=350&h=254
17896063,Jericho Sims,4277922,https://a.espncdn.com/combiner/i?img=/i/headshots/nba/players/full/4277922.png&w=350&h=254
56677839,Jett Howard,5105806,https://a.espncdn.com/combiner/i?img=/i/headshots/nba/players/full/5105806.png&w=350&h=254
87,Jevon Carter,3133635,https://a.espncdn.com/combiner/i?img=/i/headshots/nba/players/full/3133635.png&w=350&h=254
79,Jimmy Butler,6430,https://a.espncdn.com/combiner/i?img=/i/headshots/nba/players/full/6430.png&w=350&h=254
1057271099,Joan Beringer,5279133,https://a.espncdn.com/combiner/i?img=/i/headshots/nba/players/full/5279133.png&w=350&h=254
19465326,Jock Landale,3146557,https://a.espncdn.com/combiner/i?img=/i/headshots/nba/players/full/3146557.png&w=350&h=254
226,Joe Ingles,2968436,https://a.espncdn.com/combiner/i?img=/i/headshots/nba/players/full/2968436.png&w=350&h=254
145,Joel Embiid,3059318,https://a.espncdn.com/combiner/i?img=/i/headshots/nba/players/full/3059318.png&w=350&h=254
101,John Collins,3908845,https://a.espncdn.com/combiner/i?img=/i/headshots/nba/players/full/3908845.png&w=350&h=254
666703,John Konchar,3134932,https://a.espncdn.com/combiner/i?img=/i/headshots/nba/players/full/3134932.png&w=350&h=254
1057848244,John Poulakidas,4898238,https://a.espncdn.com/combiner/i?img=/i/headshots/nba/players/full/4898238.png&w=350&h=254
1057396603,John Tonje,4593043,https://a.espncdn.com/combiner/i?img=/i/headshots/nba/players/full/4593043.png&w=350&h=254
1057382509,Johni Broome,4433569,https://a.espncdn.com/combiner/i?img=/i/headshots/nba/players/full/4433569.png&w=350&h=254
1028035897,Johnny Furphy,5157066,https://a.espncdn.com/combiner/i?img=/i/headshots/nba/players/full/5157066.png&w=350&h=254
229,Jonathan Isaac,4065654,https://a.espncdn.com/combiner/i?img=/i/headshots/nba/players/full/4065654.png&w=350&h=254
17553979,Jonathan Kuminga,4433247,https://a.espncdn.com/combiner/i?img=/i/headshots/nba/players/full/4433247.png&w=350&h=254
1028037494,Jonathan Mogbo,5107897,https://a.espncdn.com/combiner/i?img=/i/headshots/nba/players/full/5107897.png&w=350&h=254
100,Jordan Clarkson,2528426,https://a.espncdn.com/combiner/i?img=/i/headshots/nba/players/full/2528426.png&w=350&h=254
18678058,Jordan Goodwin,4278402,https://a.espncdn.com/combiner/i?img=/i/headshots/nba/players/full/4278402.png&w=350&h=254
56677837,Jordan Hawkins,4683750,https://a.espncdn.com/combiner/i?img=/i/headshots/nba/players/full/4683750.png&w=350&h=254
666767,Jordan McLaughlin,3134916,https://a.espncdn.com/combiner/i?img=/i/headshots/nba/players/full/3134916.png&w=350&h=254
56677856,Jordan Miller,4396818,https://a.espncdn.com/combiner/i?img=/i/headshots/nba/players/full/4396818.png&w=350&h=254
666848,Jordan Poole,4277956,https://a.espncdn.com/combiner/i?img=/i/headshots/nba/players/full/4277956.png&w=350&h=254
56677864,Jordan Walsh,4683689,https://a.espncdn.com/combiner/i?img=/i/headshots/nba/players/full/4683689.png&w=350&h=254
17896097,Jose Alvarado,4277869,https://a.espncdn.com/combiner/i?img=/i/headshots/nba/players/full/4277869.png&w=350&h=254
1091904395,Josh Dix,5105800,https://a.espncdn.com/combiner/i?img=/i/headshots/nba/players/full/5105800.png&w=350&h=254
17896065,Josh Giddey,4871145,https://a.espncdn.com/combiner/i?img=/i/headshots/nba/players/full/4871145.png&w=350&h=254
3547258,Josh Green,4432811,https://a.espncdn.com/combiner/i?img=/i/headshots/nba/players/full/4432811.png&w=350&h=254
202,Josh Hart,3062679,https://a.espncdn.com/combiner/i?img=/i/headshots/nba/players/full/3062679.png&w=350&h=254
38017715,Josh Minott,4687718,https://a.espncdn.com/combiner/i?img=/i/headshots/nba/players/full/4687718.png&w=350&h=254
1059059437,Josh Oduro,4432068,https://a.espncdn.com/combiner/i?img=/i/headshots/nba/players/full/4432068.png&w=350&h=254
356,Josh Okogie,4065663,https://a.espncdn.com/combiner/i?img=/i/headshots/nba/players/full/4065663.png&w=350&h=254
1091361657,Joshua Jefferson,4870564,https://a.espncdn.com/combiner/i?img=/i/headshots/nba/players/full/4870564.png&w=350&h=254
214,Jrue Holiday,3995,https://a.espncdn.com/combiner/i?img=/i/headshots/nba/players/full/3995.png&w=350&h=254
38017649,Julian Champagnie,4592479,https://a.espncdn.com/combiner/i?img=/i/headshots/nba/players/full/4592479.png&w=350&h=254
56677857,Julian Phillips,5105553,https://a.espncdn.com/combiner/i?img=/i/headshots/nba/players/full/5105553.png&w=350&h=254
1060111739,Julian Reese,4683742,https://a.espncdn.com/combiner/i?img=/i/headshots/nba/players/full/4683742.png&w=350&h=254
56677776,Julian Strawther,4432181,https://a.espncdn.com/combiner/i?img=/i/headshots/nba/players/full/4432181.png&w=350&h=254
387,Julius Randle,3064514,https://a.espncdn.com/combiner/i?img=/i/headshots/nba/players/full/3064514.png&w=350&h=254
17896039,Justin Champagnie,4432907,https://a.espncdn.com/combiner/i?img=/i/headshots/nba/players/full/4432907.png&w=350&h=254
1028214238,Justin Edwards,4711297,https://a.espncdn.com/combiner/i?img=/i/headshots/nba/players/full/4711297.png&w=350&h=254
349,Jusuf Nurkic,3102530,https://a.espncdn.com/combiner/i?img=/i/headshots/nba/players/full/3102530.png&w=350&h=254
1028038474,K.J. Simpson,4683834,https://a.espncdn.com/combiner/i?img=/i/headshots/nba/players/full/4683834.png&w=350&h=254
1057389374,Kam Jones,4697268,https://a.espncdn.com/combiner/i?img=/i/headshots/nba/players/full/4697268.png&w=350&h=254
1091351869,Karim Lopez,5231919,https://a.espncdn.com/combiner/i?img=/i/headshots/nba/players/full/5231919.png&w=350&h=254
447,Karl-Anthony Towns,3136195,https://a.espncdn.com/combiner/i?img=/i/headshots/nba/players/full/3136195.png&w=350&h=254
1028245777,Karlo Matkovic,4997538,https://a.espncdn.com/combiner/i?img=/i/headshots/nba/players/full/4997538.png&w=350&h=254
1057272939,Kasparas Jakučionis,5214640,https://a.espncdn.com/combiner/i?img=/i/headshots/nba/players/full/5214640.png&w=350&h=254
274,Kawhi Leonard,6450,https://a.espncdn.com/combiner/i?img=/i/headshots/nba/players/full/6450.png&w=350&h=254
1091343544,Keaton Wagler,5254165,https://a.espncdn.com/combiner/i?img=/i/headshots/nba/players/full/5254165.png&w=350&h=254
45088184,Keaton Wallace,4279118,https://a.espncdn.com/combiner/i?img=/i/headshots/nba/players/full/4279118.png&w=350&h=254
38017688,Keegan Murray,4594327,https://a.espncdn.com/combiner/i?img=/i/headshots/nba/players/full/4594327.png&w=350&h=254
1028029127,Kel'el Ware,5105623,https://a.espncdn.com/combiner/i?img=/i/headshots/nba/players/full/5105623.png&w=350&h=254
666682,Keldon Johnson,4395723,https://a.espncdn.com/combiner/i?img=/i/headshots/nba/players/full/4395723.png&w=350&h=254
358,Kelly Olynyk,2489663,https://a.espncdn.com/combiner/i?img=/i/headshots/nba/players/full/2489663.png&w=350&h=254
360,Kelly Oubre Jr.,3133603,https://a.espncdn.com/combiner/i?img=/i/headshots/nba/players/full/3133603.png&w=350&h=254
480,Kenrich Williams,3133626,https://a.espncdn.com/combiner/i?img=/i/headshots/nba/players/full/3133626.png&w=350&h=254
81,Kentavious Caldwell-Pope,2581018,https://a.espncdn.com/combiner/i?img=/i/headshots/nba/players/full/2581018.png&w=350&h=254
38017714,Keon Ellis,4702177,https://a.espncdn.com/combiner/i?img=/i/headshots/nba/players/full/4702177.png&w=350&h=254
1028125584,Keshad Johnson,4431786,https://a.espncdn.com/combiner/i?img=/i/headshots/nba/players/full/4431786.png&w=350&h=254
1057846172,Keshon Gilbert,4585618,https://a.espncdn.com/combiner/i?img=/i/headshots/nba/players/full/4585618.png&w=350&h=254
140,Kevin Durant,3202,https://a.espncdn.com/combiner/i?img=/i/headshots/nba/players/full/3202.png&w=350&h=254
221,Kevin Huerter,4066372,https://a.espncdn.com/combiner/i?img=/i/headshots/nba/players/full/4066372.png&w=350&h=254
285,Kevin Love,3449,https://a.espncdn.com/combiner/i?img=/i/headshots/nba/players/full/3449.png&w=350&h=254
1028047255,Kevin McCullar Jr.,4411057,https://a.espncdn.com/combiner/i?img=/i/headshots/nba/players/full/4411057.png&w=350&h=254
666849,Kevin Porter Jr.,4397140,https://a.espncdn.com/combiner/i?img=/i/headshots/nba/players/full/4397140.png&w=350&h=254
282,Kevon Looney,3155535,https://a.espncdn.com/combiner/i?img=/i/headshots/nba/players/full/3155535.png&w=350&h=254
56677834,Keyonte George,4433627,https://a.espncdn.com/combiner/i?img=/i/headshots/nba/players/full/4433627.png&w=350&h=254
1057268513,Khaman Maluach,5203685,https://a.espncdn.com/combiner/i?img=/i/headshots/nba/players/full/5203685.png&w=350&h=254
315,Khris Middleton,6609,https://a.espncdn.com/combiner/i?img=/i/headshots/nba/players/full/6609.png&w=350&h=254
3547241,Killian Hayes,4683024,https://a.espncdn.com/combiner/i?img=/i/headshots/nba/players/full/4683024.png&w=350&h=254
1091340263,Kingston Flemings,5149077,https://a.espncdn.com/combiner/i?img=/i/headshots/nba/players/full/5149077.png&w=350&h=254
443,Klay Thompson,6475,https://a.espncdn.com/combiner/i?img=/i/headshots/nba/players/full/6475.png&w=350&h=254
1091362981,Koa Peat,5041953,https://a.espncdn.com/combiner/i?img=/i/headshots/nba/players/full/5041953.png&w=350&h=254
56677849,Kobe Brown,4431752,https://a.espncdn.com/combiner/i?img=/i/headshots/nba/players/full/4431752.png&w=350&h=254
1057396055,Kobe Sanders,4702352,https://a.espncdn.com/combiner/i?img=/i/headshots/nba/players/full/4702352.png&w=350&h=254
1057387526,Koby Brea,4591259,https://a.espncdn.com/combiner/i?img=/i/headshots/nba/players/full/4591259.png&w=350&h=254
1057263194,Kon Knueppel,5061575,https://a.espncdn.com/combiner/i?img=/i/headshots/nba/players/full/5061575.png&w=350&h=254
139,Kris Dunn,2991139,https://a.espncdn.com/combiner/i?img=/i/headshots/nba/players/full/2991139.png&w=350&h=254
56677791,Kris Murray,4594326,https://a.espncdn.com/combiner/i?img=/i/headshots/nba/players/full/4594326.png&w=350&h=254
378,Kristaps Porzingis,3102531,https://a.espncdn.com/combiner/i?img=/i/headshots/nba/players/full/3102531.png&w=350&h=254
12,Kyle Anderson,2993874,https://a.espncdn.com/combiner/i?img=/i/headshots/nba/players/full/2993874.png&w=350&h=254
1028035794,Kyle Filipowski,4684793,https://a.espncdn.com/combiner/i?img=/i/headshots/nba/players/full/4684793.png&w=350&h=254
265,Kyle Kuzma,3134907,https://a.espncdn.com/combiner/i?img=/i/headshots/nba/players/full/3134907.png&w=350&h=254
286,Kyle Lowry,3012,https://a.espncdn.com/combiner/i?img=/i/headshots/nba/players/full/3012.png&w=350&h=254
1028026060,KyShawn George,5174563,https://a.espncdn.com/combiner/i?img=/i/headshots/nba/players/full/5174563.png&w=350&h=254
1091352730,Labaron Philon,4873090,https://a.espncdn.com/combiner/i?img=/i/headshots/nba/players/full/4873090.png&w=350&h=254
1091475281,Lajae Jones,5108969,https://a.espncdn.com/combiner/i?img=/i/headshots/nba/players/full/5108969.png&w=350&h=254
3547239,LaMelo Ball,4432816,https://a.espncdn.com/combiner/i?img=/i/headshots/nba/players/full/4432816.png&w=350&h=254
414,Landry Shamet,3914044,https://a.espncdn.com/combiner/i?img=/i/headshots/nba/players/full/3914044.png&w=350&h=254
340,Larry Nance Jr.,2580365,https://a.espncdn.com/combiner/i?img=/i/headshots/nba/players/full/2580365.png&w=350&h=254
297,Lauri Markkanen,4066336,https://a.espncdn.com/combiner/i?img=/i/headshots/nba/players/full/4066336.png&w=350&h=254
56677782,Leonard Miller,5044385,https://a.espncdn.com/combiner/i?img=/i/headshots/nba/players/full/5044385.png&w=350&h=254
1057278805,Liam McNeeley,5239590,https://a.espncdn.com/combiner/i?img=/i/headshots/nba/players/full/5239590.png&w=350&h=254
27924547,Lindy Waters III,4066317,https://a.espncdn.com/combiner/i?img=/i/headshots/nba/players/full/4066317.png&w=350&h=254
1057968644,LJ Cryer,4433149,https://a.espncdn.com/combiner/i?img=/i/headshots/nba/players/full/4433149.png&w=350&h=254
666541,Luguentz Dort,4397020,https://a.espncdn.com/combiner/i?img=/i/headshots/nba/players/full/4397020.png&w=350&h=254
132,Luka Doncic,3945274,https://a.espncdn.com/combiner/i?img=/i/headshots/nba/players/full/3945274.png&w=350&h=254
17896056,Luka Garza,4277951,https://a.espncdn.com/combiner/i?img=/i/headshots/nba/players/full/4277951.png&w=350&h=254
254,Luke Kennard,3913174,https://a.espncdn.com/combiner/i?img=/i/headshots/nba/players/full/3913174.png&w=350&h=254
261,Luke Kornet,3064560,https://a.espncdn.com/combiner/i?img=/i/headshots/nba/players/full/3064560.png&w=350&h=254
1028265620,Malevy Leons,4897449,https://a.espncdn.com/combiner/i?img=/i/headshots/nba/players/full/4897449.png&w=350&h=254
324,Malik Monk,4066262,https://a.espncdn.com/combiner/i?img=/i/headshots/nba/players/full/4066262.png&w=350&h=254
1091463115,Maliq Brown,5105337,https://a.espncdn.com/combiner/i?img=/i/headshots/nba/players/full/5105337.png&w=350&h=254
1091480795,Malique Lewis,5184016,https://a.espncdn.com/combiner/i?img=/i/headshots/nba/players/full/5184016.png&w=350&h=254
56677792,Marcus Sasser,4432107,https://a.espncdn.com/combiner/i?img=/i/headshots/nba/players/full/4432107.png&w=350&h=254
420,Marcus Smart,2990992,https://a.espncdn.com/combiner/i?img=/i/headshots/nba/players/full/2990992.png&w=350&h=254
38017676,MarJon Beauchamp,4432179,https://a.espncdn.com/combiner/i?img=/i/headshots/nba/players/full/4432179.png&w=350&h=254
38017698,Mark Williams,4701232,https://a.espncdn.com/combiner/i?img=/i/headshots/nba/players/full/4701232.png&w=350&h=254
24,Marvin Bagley III,4277848,https://a.espncdn.com/combiner/i?img=/i/headshots/nba/players/full/4277848.png&w=350&h=254
371,Mason Plumlee,2488653,https://a.espncdn.com/combiner/i?img=/i/headshots/nba/players/full/2488653.png&w=350&h=254
1028025177,Matas Buzelis,4711294,https://a.espncdn.com/combiner/i?img=/i/headshots/nba/players/full/4711294.png&w=350&h=254
666923,Matisse Thybulle,3907498,https://a.espncdn.com/combiner/i?img=/i/headshots/nba/players/full/3907498.png&w=350&h=254
38017697,Max Christie,4432582,https://a.espncdn.com/combiner/i?img=/i/headshots/nba/players/full/4432582.png&w=350&h=254
1057396191,Max Shulga,4701992,https://a.espncdn.com/combiner/i?img=/i/headshots/nba/players/full/4701992.png&w=350&h=254
666908,Max Strus,4065778,https://a.espncdn.com/combiner/i?img=/i/headshots/nba/players/full/4065778.png&w=350&h=254
1057390745,Maxime Raynaud,4898371,https://a.espncdn.com/combiner/i?img=/i/headshots/nba/players/full/4898371.png&w=350&h=254
1091467074,Meleek Thomas,5041951,https://a.espncdn.com/combiner/i?img=/i/headshots/nba/players/full/5041951.png&w=350&h=254
1057390538,Micah Peavy,4432185,https://a.espncdn.com/combiner/i?img=/i/headshots/nba/players/full/4432185.png&w=350&h=254
19465584,Micah Potter,4066399,https://a.espncdn.com/combiner/i?img=/i/headshots/nba/players/full/4066399.png&w=350&h=254
375,Michael Porter Jr.,4278104,https://a.espncdn.com/combiner/i?img=/i/headshots/nba/players/full/4278104.png&w=350&h=254
61,Mikal Bridges,3147657,https://a.espncdn.com/combiner/i?img=/i/headshots/nba/players/full/3147657.png&w=350&h=254
104,Mike Conley,3195,https://a.espncdn.com/combiner/i?img=/i/headshots/nba/players/full/3195.png&w=350&h=254
1091339436,Mikel Brown Jr.,5101761,https://a.espncdn.com/combiner/i?img=/i/headshots/nba/players/full/5101761.png&w=350&h=254
62,Miles Bridges,4066383,https://a.espncdn.com/combiner/i?img=/i/headshots/nba/players/full/4066383.png&w=350&h=254
17896033,Miles McBride,4431823,https://a.espncdn.com/combiner/i?img=/i/headshots/nba/players/full/4431823.png&w=350&h=254
399,Mitchell Robinson,4351852,https://a.espncdn.com/combiner/i?img=/i/headshots/nba/players/full/4351852.png&w=350&h=254
28,Mo Bamba,4277919,https://a.espncdn.com/combiner/i?img=/i/headshots/nba/players/full/4277919.png&w=350&h=254
1057393207,Mohamed Diawara,5289900,https://a.espncdn.com/combiner/i?img=/i/headshots/nba/players/full/5289900.png&w=350&h=254
1091341156,Morez Johnson,4873153,https://a.espncdn.com/combiner/i?img=/i/headshots/nba/players/full/4873153.png&w=350&h=254
462,Moritz Wagner,3150844,https://a.espncdn.com/combiner/i?img=/i/headshots/nba/players/full/3150844.png&w=350&h=254
17553992,Moses Moody,4432171,https://a.espncdn.com/combiner/i?img=/i/headshots/nba/players/full/4432171.png&w=350&h=254
377705601,Mouhamadou Gueye,4592933,https://a.espncdn.com/combiner/i?img=/i/headshots/nba/players/full/4592933.png&w=350&h=254
56677806,Mouhamed Gueye,4712863,https://a.espncdn.com/combiner/i?img=/i/headshots/nba/players/full/4712863.png&w=350&h=254
1057845382,Moussa Cisse,4701208,https://a.espncdn.com/combiner/i?img=/i/headshots/nba/players/full/4701208.png&w=350&h=254
38017725,Moussa Diabate,4433249,https://a.espncdn.com/combiner/i?img=/i/headshots/nba/players/full/4433249.png&w=350&h=254
452,Myles Turner,3133628,https://a.espncdn.com/combiner/i?img=/i/headshots/nba/players/full/3133628.png&w=350&h=254
1057846109,Myron Gardner,4431772,https://a.espncdn.com/combiner/i?img=/i/headshots/nba/players/full/4431772.png&w=350&h=254
1042560902,Nae'Qwan Tomlin,5106268,https://a.espncdn.com/combiner/i?img=/i/headshots/nba/players/full/5106268.png&w=350&h=254
17896031,Nah'Shon Hyland,4592492,https://a.espncdn.com/combiner/i?img=/i/headshots/nba/players/full/4592492.png&w=350&h=254
3547293,Naji Marshall,4278594,https://a.espncdn.com/combiner/i?img=/i/headshots/nba/players/full/4278594.png&w=350&h=254
1091481434,Narcisse Ngoy,5363895,https://a.espncdn.com/combiner/i?img=/i/headshots/nba/players/full/5363895.png&w=350&h=254
1091349196,Nate Ament,5164559,https://a.espncdn.com/combiner/i?img=/i/headshots/nba/players/full/5164559.png&w=350&h=254
1092199652,Nate Bittle,4432586,https://a.espncdn.com/combiner/i?img=/i/headshots/nba/players/full/4432586.png&w=350&h=254
667378,Naz Reid,4396971,https://a.espncdn.com/combiner/i?img=/i/headshots/nba/players/full/4396971.png&w=350&h=254
17553967,Neemias Queta,4397424,https://a.espncdn.com/combiner/i?img=/i/headshots/nba/players/full/4397424.png&w=350&h=254
1091475805,Nick Martinelli,5105832,https://a.espncdn.com/combiner/i?img=/i/headshots/nba/players/full/5105832.png&w=350&h=254
666400,Nickeil Alexander-Walker,4278039,https://a.espncdn.com/combiner/i?img=/i/headshots/nba/players/full/4278039.png&w=350&h=254
33,Nicolas Batum,3416,https://a.espncdn.com/combiner/i?img=/i/headshots/nba/players/full/3416.png&w=350&h=254
666508,Nicolas Claxton,4278067,https://a.espncdn.com/combiner/i?img=/i/headshots/nba/players/full/4278067.png&w=350&h=254
246,Nikola Jokic,3112335,https://a.espncdn.com/combiner/i?img=/i/headshots/nba/players/full/3112335.png&w=350&h=254
38017696,Nikola Jovic,4997528,https://a.espncdn.com/combiner/i?img=/i/headshots/nba/players/full/4997528.png&w=350&h=254
1028028932,Nikola Topic,5159925,https://a.espncdn.com/combiner/i?img=/i/headshots/nba/players/full/5159925.png&w=350&h=254
460,Nikola Vucevic,6478,https://a.espncdn.com/combiner/i?img=/i/headshots/nba/players/full/6478.png&w=350&h=254
1057276634,Nique Clifford,4702384,https://a.espncdn.com/combiner/i?img=/i/headshots/nba/players/full/4702384.png&w=350&h=254
1057272081,Noa Essengue,5242496,https://a.espncdn.com/combiner/i?img=/i/headshots/nba/players/full/5242496.png&w=350&h=254
56677843,Noah Clowney,4712896,https://a.espncdn.com/combiner/i?img=/i/headshots/nba/players/full/4712896.png&w=350&h=254
1057385481,Noah Penda,5214637,https://a.espncdn.com/combiner/i?img=/i/headshots/nba/players/full/5214637.png&w=350&h=254
1057275262,Nolan Traoré,5279130,https://a.espncdn.com/combiner/i?img=/i/headshots/nba/players/full/5279130.png&w=350&h=254
1057848025,Norchad Omier,4702134,https://a.espncdn.com/combiner/i?img=/i/headshots/nba/players/full/4702134.png&w=350&h=254
380,Norman Powell,2595516,https://a.espncdn.com/combiner/i?img=/i/headshots/nba/players/full/2595516.png&w=350&h=254
3547243,Obi Toppin,4278355,https://a.espncdn.com/combiner/i?img=/i/headshots/nba/players/full/4278355.png&w=350&h=254
18,OG Anunoby,3934719,https://a.espncdn.com/combiner/i?img=/i/headshots/nba/players/full/3934719.png&w=350&h=254
24572055,Olivier Sarr,4278046,https://a.espncdn.com/combiner/i?img=/i/headshots/nba/players/full/4278046.png&w=350&h=254
56677859,Olivier-Maxence Prosper,4595400,https://a.espncdn.com/combiner/i?img=/i/headshots/nba/players/full/4595400.png&w=350&h=254
3547244,Onyeka Okongwu,4431680,https://a.espncdn.com/combiner/i?img=/i/headshots/nba/players/full/4431680.png&w=350&h=254
56677778,Oscar Tshiebwe,4432827,https://a.espncdn.com/combiner/i?img=/i/headshots/nba/players/full/4432827.png&w=350&h=254
1028036515,Oso Ighodaro,4601023,https://a.espncdn.com/combiner/i?img=/i/headshots/nba/players/full/4601023.png&w=350&h=254
1091466034,Otega Oweh,5106270,https://a.espncdn.com/combiner/i?img=/i/headshots/nba/players/full/5106270.png&w=350&h=254
38017716,Ousmane Dieng,4997526,https://a.espncdn.com/combiner/i?img=/i/headshots/nba/players/full/4997526.png&w=350&h=254
666950,P.J. Washington,4278078,https://a.espncdn.com/combiner/i?img=/i/headshots/nba/players/full/4278078.png&w=350&h=254
1028025498,Pacome Dadiet,5211983,https://a.espncdn.com/combiner/i?img=/i/headshots/nba/players/full/5211983.png&w=350&h=254
38017683,Paolo Banchero,4432573,https://a.espncdn.com/combiner/i?img=/i/headshots/nba/players/full/4432573.png&w=350&h=254
416,Pascal Siakam,3149673,https://a.espncdn.com/combiner/i?img=/i/headshots/nba/players/full/3149673.png&w=350&h=254
105,Pat Connaughton,2578239,https://a.espncdn.com/combiner/i?img=/i/headshots/nba/players/full/2578239.png&w=350&h=254
795959473,Pat Spencer,4592714,https://a.espncdn.com/combiner/i?img=/i/headshots/nba/players/full/4592714.png&w=350&h=254
38017704,Patrick Baldwin Jr.,4433246,https://a.espncdn.com/combiner/i?img=/i/headshots/nba/players/full/4433246.png&w=350&h=254
3547248,Patrick Williams,4431687,https://a.espncdn.com/combiner/i?img=/i/headshots/nba/players/full/4431687.png&w=350&h=254
172,Paul George,4251,https://a.espncdn.com/combiner/i?img=/i/headshots/nba/players/full/4251.png&w=350&h=254
3547270,Paul Reed,4278562,https://a.espncdn.com/combiner/i?img=/i/headshots/nba/players/full/4278562.png&w=350&h=254
3547276,Payton Pritchard,4066354,https://a.espncdn.com/combiner/i?img=/i/headshots/nba/players/full/4066354.png&w=350&h=254
1028036986,Pelle Larsson,4601025,https://a.espncdn.com/combiner/i?img=/i/headshots/nba/players/full/4601025.png&w=350&h=254
64270026,Pete Nance,4397233,https://a.espncdn.com/combiner/i?img=/i/headshots/nba/players/full/4397233.png&w=350&h=254
38017721,Peyton Watson,4576087,https://a.espncdn.com/combiner/i?img=/i/headshots/nba/players/full/4576087.png&w=350&h=254
1028244692,PJ Hall,4701225,https://a.espncdn.com/combiner/i?img=/i/headshots/nba/players/full/4701225.png&w=350&h=254
3547249,Precious Achiuwa,4431679,https://a.espncdn.com/combiner/i?img=/i/headshots/nba/players/full/4431679.png&w=350&h=254
1092195008,Quadir Copeland,4683860,https://a.espncdn.com/combiner/i?img=/i/headshots/nba/players/full/4683860.png&w=350&h=254
17895858,Quentin Grimes,4397014,https://a.espncdn.com/combiner/i?img=/i/headshots/nba/players/full/4397014.png&w=350&h=254
44477085,Quenton Jackson,4592829,https://a.espncdn.com/combiner/i?img=/i/headshots/nba/players/full/4592829.png&w=350&h=254
1028047928,Quinten Post,4593016,https://a.espncdn.com/combiner/i?img=/i/headshots/nba/players/full/4593016.png&w=350&h=254
1057383369,Rasheer Fleming,5105977,https://a.espncdn.com/combiner/i?img=/i/headshots/nba/players/full/5105977.png&w=350&h=254
56677829,Rayan Rupert,5099752,https://a.espncdn.com/combiner/i?img=/i/headshots/nba/players/full/5099752.png&w=350&h=254
1028274126,RayJ Dennis,4431941,https://a.espncdn.com/combiner/i?img=/i/headshots/nba/players/full/4431941.png&w=350&h=254
1028028519,Reed Sheppard,4711272,https://a.espncdn.com/combiner/i?img=/i/headshots/nba/players/full/4711272.png&w=350&h=254
1028245994,Riley Minix,5177362,https://a.espncdn.com/combiner/i?img=/i/headshots/nba/players/full/5177362.png&w=350&h=254
666423,RJ Barrett,4395625,https://a.espncdn.com/combiner/i?img=/i/headshots/nba/players/full/4395625.png&w=350&h=254
1028025639,Rob Dillingham,4684275,https://a.espncdn.com/combiner/i?img=/i/headshots/nba/players/full/4684275.png&w=350&h=254
476,Robert Williams III,4066211,https://a.espncdn.com/combiner/i?img=/i/headshots/nba/players/full/4066211.png&w=350&h=254
1057397172,Rocco Zikarsky,5157587,https://a.espncdn.com/combiner/i?img=/i/headshots/nba/players/full/5157587.png&w=350&h=254
38017717,Ron Harper Jr.,4397251,https://a.espncdn.com/combiner/i?img=/i/headshots/nba/players/full/4397251.png&w=350&h=254
1028026508,Ronald Holland II,4683771,https://a.espncdn.com/combiner/i?img=/i/headshots/nba/players/full/4683771.png&w=350&h=254
351,Royce O'Neale,2583632,https://a.espncdn.com/combiner/i?img=/i/headshots/nba/players/full/2583632.png&w=350&h=254
176,Rudy Gobert,3032976,https://a.espncdn.com/combiner/i?img=/i/headshots/nba/players/full/3032976.png&w=350&h=254
666609,Rui Hachimura,4066648,https://a.espncdn.com/combiner/i?img=/i/headshots/nba/players/full/4066648.png&w=350&h=254
472,Russell Westbrook,3468,https://a.espncdn.com/combiner/i?img=/i/headshots/nba/players/full/3468.png&w=350&h=254
1091463429,Ryan Conwell,5107157,https://a.espncdn.com/combiner/i?img=/i/headshots/nba/players/full/5107157.png&w=350&h=254
1028025723,Ryan Dunn,4888725,https://a.espncdn.com/combiner/i?img=/i/headshots/nba/players/full/4888725.png&w=350&h=254
1057384362,Ryan Kalkbrenner,4576060,https://a.espncdn.com/combiner/i?img=/i/headshots/nba/players/full/4576060.png&w=350&h=254
1057847894,Ryan Nembhard,4433629,https://a.espncdn.com/combiner/i?img=/i/headshots/nba/players/full/4433629.png&w=350&h=254
38017712,Ryan Rollins,4591725,https://a.espncdn.com/combiner/i?img=/i/headshots/nba/players/full/4591725.png&w=350&h=254
3547256,Saddiq Bey,4397136,https://a.espncdn.com/combiner/i?img=/i/headshots/nba/players/full/4397136.png&w=350&h=254
17896060,Sam Hauser,4065804,https://a.espncdn.com/combiner/i?img=/i/headshots/nba/players/full/4065804.png&w=350&h=254
3547299,Sam Merrill,4066757,https://a.espncdn.com/combiner/i?img=/i/headshots/nba/players/full/4066757.png&w=350&h=254
17896059,Sandro Mamukelashvili,4278580,https://a.espncdn.com/combiner/i?img=/i/headshots/nba/players/full/4278580.png&w=350&h=254
17896067,Santi Aldama,4593125,https://a.espncdn.com/combiner/i?img=/i/headshots/nba/players/full/4593125.png&w=350&h=254
56677747,Scoot Henderson,4683678,https://a.espncdn.com/combiner/i?img=/i/headshots/nba/players/full/4683678.png&w=350&h=254
17896055,Scottie Barnes,4433134,https://a.espncdn.com/combiner/i?img=/i/headshots/nba/players/full/4433134.png&w=350&h=254
38017656,Scotty Pippen Jr.,4431785,https://a.espncdn.com/combiner/i?img=/i/headshots/nba/players/full/4431785.png&w=350&h=254
1058921044,Sean Pedulla,4709131,https://a.espncdn.com/combiner/i?img=/i/headshots/nba/players/full/4709131.png&w=350&h=254
1091350193,Sergio De Larrea,5279129,https://a.espncdn.com/combiner/i?img=/i/headshots/nba/players/full/5279129.png&w=350&h=254
114,Seth Curry,2326307,https://a.espncdn.com/combiner/i?img=/i/headshots/nba/players/full/2326307.png&w=350&h=254
38017690,Shaedon Sharpe,4914336,https://a.espncdn.com/combiner/i?img=/i/headshots/nba/players/full/4914336.png&w=350&h=254
175,Shai Gilgeous-Alexander,4278073,https://a.espncdn.com/combiner/i?img=/i/headshots/nba/players/full/4278073.png&w=350&h=254
17896029,Sharife Cooper,4432173,https://a.espncdn.com/combiner/i?img=/i/headshots/nba/players/full/4432173.png&w=350&h=254
56677817,Sidy Cissoko,5081727,https://a.espncdn.com/combiner/i?img=/i/headshots/nba/players/full/5081727.png&w=350&h=254
38017739,Simone Fontecchio,3899664,https://a.espncdn.com/combiner/i?img=/i/headshots/nba/players/full/3899664.png&w=350&h=254
1057384156,Sion James,4602025,https://a.espncdn.com/combiner/i?img=/i/headshots/nba/players/full/4602025.png&w=350&h=254
1028255289,Spencer Jones,4592427,https://a.espncdn.com/combiner/i?img=/i/headshots/nba/players/full/4592427.png&w=350&h=254
115,Stephen Curry,3975,https://a.espncdn.com/combiner/i?img=/i/headshots/nba/players/full/3975.png&w=350&h=254
1028025261,Stephon Castle,4845367,https://a.espncdn.com/combiner/i?img=/i/headshots/nba/players/full/4845367.png&w=350&h=254
3,Steven Adams,2991235,https://a.espncdn.com/combiner/i?img=/i/headshots/nba/players/full/2991235.png&w=350&h=254
338,Svi Mykhailiuk,3133602,https://a.espncdn.com/combiner/i?img=/i/headshots/nba/players/full/3133602.png&w=350&h=254
304,T.J. McConnell,2530530,https://a.espncdn.com/combiner/i?img=/i/headshots/nba/players/full/2530530.png&w=350&h=254
173,Taj Gibson,3986,https://a.espncdn.com/combiner/i?img=/i/headshots/nba/players/full/3986.png&w=350&h=254
1057844839,Tamar Bates,4683933,https://a.espncdn.com/combiner/i?img=/i/headshots/nba/players/full/4683933.png&w=350&h=254
38017695,Tari Eason,4433192,https://a.espncdn.com/combiner/i?img=/i/headshots/nba/players/full/4433192.png&w=350&h=254
1092199635,Tarik Biberovic,5148538,https://a.espncdn.com/combiner/i?img=/i/headshots/nba/players/full/5148538.png&w=350&h=254
1091363216,Tarris Reed Jr.,5105809,https://a.espncdn.com/combiner/i?img=/i/headshots/nba/players/full/5105809.png&w=350&h=254
383,Taurean Prince,2990962,https://a.espncdn.com/combiner/i?img=/i/headshots/nba/players/full/2990962.png&w=350&h=254
56677824,Taylor Hendricks,4684806,https://a.espncdn.com/combiner/i?img=/i/headshots/nba/players/full/4684806.png&w=350&h=254
666743,Terance Mann,3907823,https://a.espncdn.com/combiner/i?img=/i/headshots/nba/players/full/3907823.png&w=350&h=254
1028028501,Terrence Shannon Jr.,4432847,https://a.espncdn.com/combiner/i?img=/i/headshots/nba/players/full/4432847.png&w=350&h=254
2148,Thanasis Antetokounmpo,3102533,https://a.espncdn.com/combiner/i?img=/i/headshots/nba/players/full/3102533.png&w=350&h=254
74,Thomas Bryant,3934723,https://a.espncdn.com/combiner/i?img=/i/headshots/nba/players/full/3934723.png&w=350&h=254
1028028379,Tidjane Salaun,5211176,https://a.espncdn.com/combiner/i?img=/i/headshots/nba/players/full/5211176.png&w=350&h=254
191,Tim Hardaway Jr.,2528210,https://a.espncdn.com/combiner/i?img=/i/headshots/nba/players/full/2528210.png&w=350&h=254
1091903404,Tobe Awaka,5105555,https://a.espncdn.com/combiner/i?img=/i/headshots/nba/players/full/5105555.png&w=350&h=254
1091465199,Tobi Lawal,5106040,https://a.espncdn.com/combiner/i?img=/i/headshots/nba/players/full/5106040.png&w=350&h=254
200,Tobias Harris,6440,https://a.espncdn.com/combiner/i?img=/i/headshots/nba/players/full/6440.png&w=350&h=254
1028267166,Tolu Smith,4397882,https://a.espncdn.com/combiner/i?img=/i/headshots/nba/players/full/4397882.png&w=350&h=254
60,Tony Bradley,4065673,https://a.espncdn.com/combiner/i?img=/i/headshots/nba/players/full/4065673.png&w=350&h=254
56677850,Toumani Camara,4431736,https://a.espncdn.com/combiner/i?img=/i/headshots/nba/players/full/4431736.png&w=350&h=254
490,Trae Young,4277905,https://a.espncdn.com/combiner/i?img=/i/headshots/nba/players/full/4277905.png&w=350&h=254
56677799,Trayce Jackson-Davis,4431684,https://a.espncdn.com/combiner/i?img=/i/headshots/nba/players/full/4431684.png&w=350&h=254
1091904403,Tre Donaldson,4837356,https://a.espncdn.com/combiner/i?img=/i/headshots/nba/players/full/4837356.png&w=350&h=254
1057262985,Tre Johnson,5238230,https://a.espncdn.com/combiner/i?img=/i/headshots/nba/players/full/5238230.png&w=350&h=254
3547274,Tre Jones,4395626,https://a.espncdn.com/combiner/i?img=/i/headshots/nba/players/full/4395626.png&w=350&h=254
17896036,Tre Mann,4432819,https://a.espncdn.com/combiner/i?img=/i/headshots/nba/players/full/4432819.png&w=350&h=254
17896058,Trendon Watford,4431675,https://a.espncdn.com/combiner/i?img=/i/headshots/nba/players/full/4431675.png&w=350&h=254
1091463040,Trevon Brazile,4698719,https://a.espncdn.com/combiner/i?img=/i/headshots/nba/players/full/4698719.png&w=350&h=254
38017720,Trevor Keels,4432645,https://a.espncdn.com/combiner/i?img=/i/headshots/nba/players/full/4432645.png&w=350&h=254
1028203085,Trey Alexander,4433268,https://a.espncdn.com/combiner/i?img=/i/headshots/nba/players/full/4433268.png&w=350&h=254
64269023,Trey Jemison,4395623,https://a.espncdn.com/combiner/i?img=/i/headshots/nba/players/full/4395623.png&w=350&h=254
1091480528,Trey Kaufman-Renn,4897438,https://a.espncdn.com/combiner/i?img=/i/headshots/nba/players/full/4897438.png&w=350&h=254
290,Trey Lyles,3136196,https://a.espncdn.com/combiner/i?img=/i/headshots/nba/players/full/3136196.png&w=350&h=254
18677986,Trey Murphy III,4397688,https://a.espncdn.com/combiner/i?img=/i/headshots/nba/players/full/4397688.png&w=350&h=254
1028025497,Tristan Da Silva,4702382,https://a.espncdn.com/combiner/i?img=/i/headshots/nba/players/full/4702382.png&w=350&h=254
1028244219,Tristan Enaruna,4431734,https://a.espncdn.com/combiner/i?img=/i/headshots/nba/players/full/4431734.png&w=350&h=254
1016384149,Tristan Vukcevic,4997537,https://a.espncdn.com/combiner/i?img=/i/headshots/nba/players/full/4997537.png&w=350&h=254
1028047609,Tristen Newton,4592965,https://a.espncdn.com/combiner/i?img=/i/headshots/nba/players/full/4592965.png&w=350&h=254
666676,Ty Jerome,4065733,https://a.espncdn.com/combiner/i?img=/i/headshots/nba/players/full/4065733.png&w=350&h=254
1091462892,Tyler Bilodeau,5105626,https://a.espncdn.com/combiner/i?img=/i/headshots/nba/players/full/5105626.png&w=350&h=254
666633,Tyler Herro,4395725,https://a.espncdn.com/combiner/i?img=/i/headshots/nba/players/full/4395725.png&w=350&h=254
1028036898,Tyler Kolek,4433225,https://a.espncdn.com/combiner/i?img=/i/headshots/nba/players/full/4433225.png&w=350&h=254
1091465898,Tyler Nickel,4838721,https://a.espncdn.com/combiner/i?img=/i/headshots/nba/players/full/4838721.png&w=350&h=254
38017722,Tyrese Martin,4397179,https://a.espncdn.com/combiner/i?img=/i/headshots/nba/players/full/4397179.png&w=350&h=254
3547254,Tyrese Maxey,4431678,https://a.espncdn.com/combiner/i?img=/i/headshots/nba/players/full/4431678.png&w=350&h=254
1057395754,Tyrese Proctor,5023693,https://a.espncdn.com/combiner/i?img=/i/headshots/nba/players/full/5023693.png&w=350&h=254
1043947937,Tyson Etienne,4432887,https://a.espncdn.com/combiner/i?img=/i/headshots/nba/players/full/4432887.png&w=350&h=254
38017691,TyTy Washington Jr.,4683749,https://a.espncdn.com/combiner/i?img=/i/headshots/nba/players/full/4683749.png&w=350&h=254
249,Tyus Jones,3135046,https://a.espncdn.com/combiner/i?img=/i/headshots/nba/players/full/3135046.png&w=350&h=254
1091476372,Ugonna Onyenso,5037878,https://a.espncdn.com/combiner/i?img=/i/headshots/nba/players/full/5037878.png&w=350&h=254
56677822,Victor Wembanyama,5104157,https://a.espncdn.com/combiner/i?img=/i/headshots/nba/players/full/5104157.png&w=350&h=254
4197387,Vit Krejci,4578893,https://a.espncdn.com/combiner/i?img=/i/headshots/nba/players/full/4578893.png&w=350&h=254
1057261935,VJ Edgecombe,5124612,https://a.espncdn.com/combiner/i?img=/i/headshots/nba/players/full/5124612.png&w=350&h=254
1057846206,Vladislav Goldin,4700818,https://a.espncdn.com/combiner/i?img=/i/headshots/nba/players/full/4700818.png&w=350&h=254
1091480242,Vsevolod Ishchenko,5358755,https://a.espncdn.com/combiner/i?img=/i/headshots/nba/players/full/5358755.png&w=350&h=254
38017705,Walker Kessler,4433136,https://a.espncdn.com/combiner/i?img=/i/headshots/nba/players/full/4433136.png&w=350&h=254
1057271583,Walter Clayton Jr.,4896372,https://a.espncdn.com/combiner/i?img=/i/headshots/nba/players/full/4896372.png&w=350&h=254
85,Wendell Carter Jr.,4277847,https://a.espncdn.com/combiner/i?img=/i/headshots/nba/players/full/4277847.png&w=350&h=254
38017700,Wendell Moore Jr.,4592187,https://a.espncdn.com/combiner/i?img=/i/headshots/nba/players/full/4592187.png&w=350&h=254
1057395872,Will Richard,4897262,https://a.espncdn.com/combiner/i?img=/i/headshots/nba/players/full/4897262.png&w=350&h=254
1057279594,Will Riley,5144126,https://a.espncdn.com/combiner/i?img=/i/headshots/nba/players/full/5144126.png&w=350&h=254
3547285,Xavier Tillman,4277964,https://a.espncdn.com/combiner/i?img=/i/headshots/nba/players/full/4277964.png&w=350&h=254
1057279105,Yanic Konan Niederhauser,5108024,https://a.espncdn.com/combiner/i?img=/i/headshots/nba/players/full/5108024.png&w=350&h=254
1091351802,Yaxel Lendeborg,5175737,https://a.espncdn.com/combiner/i?img=/i/headshots/nba/players/full/5175737.png&w=350&h=254
1028027567,Yves Missi,5061589,https://a.espncdn.com/combiner/i?img=/i/headshots/nba/players/full/5061589.png&w=350&h=254
1028028244,Zaccharie Risacher,5211175,https://a.espncdn.com/combiner/i?img=/i/headshots/nba/players/full/5211175.png&w=350&h=254
102,Zach Collins,4066650,https://a.espncdn.com/combiner/i?img=/i/headshots/nba/players/full/4066650.png&w=350&h=254
1028025754,Zach Edey,4600663,https://a.espncdn.com/combiner/i?img=/i/headshots/nba/players/full/4600663.png&w=350&h=254
268,Zach LaVine,3064440,https://a.espncdn.com/combiner/i?img=/i/headshots/nba/players/full/3064440.png&w=350&h=254
3547268,Zeke Nnaji,4431690,https://a.espncdn.com/combiner/i?img=/i/headshots/nba/players/full/4431690.png&w=350&h=254
17896027,Ziaire Williams,4433137,https://a.espncdn.com/combiner/i?img=/i/headshots/nba/players/full/4433137.png&w=350&h=254
666969,Zion Williamson,4395628,https://a.espncdn.com/combiner/i?img=/i/headshots/nba/players/full/4395628.png&w=350&h=254
1091350401,Zuby Ejiofor,5106262,https://a.espncdn.com/combiner/i?img=/i/headshots/nba/players/full/5106262.png&w=350&h=254
1028112004,Zyon Pullin,4592979,https://a.espncdn.com/combiner/i?img=/i/headshots/nba/players/full/4592979.png&w=350&h=254
